,bigram,n,word1,word2
1,accessori_gene,1,accessori,gene
2,accessori_genom,1,accessori,genom
3,accessori_protein,1,accessori,protein
4,acid_delet,1,acid,delet
5,acid_level,1,acid,level
6,acid_residu,1,acid,residu
7,acid_resist,1,acid,resist
8,acid_sequenc,3,acid,sequenc
9,acid_site,1,acid,site
10,acid_substitut,4,acid,substitut
11,acinetobact_baumannii,1,acinetobact,baumannii
12,acinetobact_calcoaceticu,1,acinetobact,calcoaceticu
13,acinetobact_speci,1,acinetobact,speci
14,acinetobact_spp,1,acinetobact,spp
15,acquir_hiv,1,acquir,hiv
16,acquir_infect,4,acquir,infect
17,acquir_methicillin,1,acquir,methicillin
18,acquir_mrsa,1,acquir,mrsa
19,acquir_resist,1,acquir,resist
20,act_antivir,1,act,antivir
21,activ_antiretrovir,1,activ,antiretrovir
22,activ_transmiss,1,activ,transmiss
23,acut_gastroenter,1,acut,gastroenter
24,acut_hbv,1,acut,hbv
25,acut_hepat,5,acut,hepat
26,acut_infect,1,acut,infect
27,acut_respiratori,3,acut,respiratori
28,acut_viral,3,acut,viral
29,adipos_tissu,1,adipos,tissu
30,aed_aegypti,1,aed,aegypti
31,aed_albopictu,1,aed,albopictu
32,aeruginosa_clone,1,aeruginosa,clone
33,aeruginosa_isol,2,aeruginosa,isol
34,aeruginosa_popul,1,aeruginosa,popul
35,aeruginosa_strain,1,aeruginosa,strain
36,african_american,2,african,american
37,african_countri,1,african,countri
38,african_indian,1,african,indian
39,african_popul,1,african,popul
40,agr_type,1,agr,type
41,aid_epidem,1,aid,epidem
42,aid_pandem,1,aid,pandem
43,aid_patient,1,aid,patient
44,aid_vaccin,1,aid,vaccin
45,alanin_aminotransferas,2,alanin,aminotransferas
46,allel_divers,1,allel,divers
47,allel_profil,2,allel,profil
48,alt_level,1,alt,level
49,american_lineag,1,american,lineag
50,american_mediterranean,1,american,mediterranean
51,amino_acid,22,amino,acid
52,aminoglycosid_resist,2,aminoglycosid,resist
53,amoxicillin_clavulan,2,amoxicillin,clavulan
54,ampicillin_chloramphenicol,1,ampicillin,chloramphenicol
55,ampicillin_resist,1,ampicillin,resist
56,amplifi_fragment,1,amplifi,fragment
57,analys_reveal,1,analys,reveal
58,analysi_mlva,9,analysi,mlva
59,analysi_reveal,17,analysi,reveal
60,anim_health,1,anim,health
61,anim_model,1,anim,model
62,annual_epidem,1,annual,epidem
63,anti_hb,1,anti,hb
64,anti_hbc,3,anti,hbc
65,anti_hbe,1,anti,hbe
66,anti_hcv,1,anti,hcv
67,anti_hev,2,anti,hev
68,anti_hiv,1,anti,hiv
69,anti_influenza,1,anti,influenza
70,anti_tuberculosi,1,anti,tuberculosi
71,antibiot_resist,12,antibiot,resist
72,antibiot_suscept,6,antibiot,suscept
73,antibodi_respons,1,antibodi,respons
74,antibodi_titer,1,antibodi,titer
75,antigen_analysi,1,antigen,analysi
76,antigen_anti,1,antigen,anti
77,antigen_character,1,antigen,character
78,antigen_class,1,antigen,class
79,antigen_distinct,1,antigen,distinct
80,antigen_drift,1,antigen,drift
81,antigen_hbeag,1,antigen,hbeag
82,antigen_hbsag,3,antigen,hbsag
83,antigen_hla,3,antigen,hla
84,antigen_shift,1,antigen,shift
85,antigen_site,1,antigen,site
86,antimicrobi_agent,4,antimicrobi,agent
87,antimicrobi_resist,8,antimicrobi,resist
88,antimicrobi_suscept,8,antimicrobi,suscept
89,antiretrovir_drug,1,antiretrovir,drug
90,antiretrovir_resist,1,antiretrovir,resist
91,antiretrovir_therapi,1,antiretrovir,therapi
92,antiretrovir_treatment,1,antiretrovir,treatment
93,antivir_drug,1,antivir,drug
94,antivir_resist,1,antivir,resist
95,antivir_therapi,2,antivir,therapi
96,aquat_bird,1,aquat,bird
97,aquat_environ,2,aquat,environ
98,arginin_catabol,1,arginin,catabol
99,arthropod_born,1,arthropod,born
100,asian_ca,1,asian,ca
101,asian_countri,2,asian,countri
102,assai_hma,1,assai,hma
103,associ_studi,3,associ,studi
104,asymptomat_carrier,1,asymptomat,carrier
105,attenu_influenza,1,attenu,influenza
106,attenu_vaccin,1,attenu,vaccin
107,aureu_clinic,1,aureu,clinic
108,aureu_clone,1,aureu,clone
109,aureu_genom,1,aureu,genom
110,aureu_infect,1,aureu,infect
111,aureu_isol,1,aureu,isol
112,aureu_mrsa,1,aureu,mrsa
113,aureu_mssa,1,aureu,mssa
114,aureu_strain,1,aureu,strain
115,autoimmun_diseas,1,autoimmun,diseas
116,avian_host,1,avian,host
117,avian_human,1,avian,human
118,avian_influenza,1,avian,influenza
119,avian_origin,1,avian,origin
120,avian_pathogen,1,avian,pathogen
121,avian_speci,1,avian,speci
122,avian_virus,1,avian,virus
123,bacillu_anthraci,1,bacillu,anthraci
124,background_dengu,1,background,dengu
125,background_hepat,2,background,hepat
126,background_hiv,1,background,hiv
127,background_staphylococcu,1,background,staphylococcu
128,background_tuberculosi,1,background,tuberculosi
129,bacteri_commun,1,bacteri,commun
130,bacteri_genom,4,bacteri,genom
131,bacteri_isol,1,bacteri,isol
132,bacteri_pathogen,8,bacteri,pathogen
133,bacteri_popul,2,bacteri,popul
134,bacteri_speci,2,bacteri,speci
135,band_pattern,1,band,pattern
136,barr_viru,1,barr,viru
137,basal_core,1,basal,core
138,base_method,1,base,method
139,base_molecular,1,base,molecular
140,base_replicon,2,base,replicon
141,base_restrict,1,base,restrict
142,base_studi,2,base,studi
143,base_type,3,base,type
144,base_vaccin,2,base,vaccin
145,basic_amino,1,basic,amino
146,basic_core,1,basic,core
147,bat_coronaviru,2,bat,coronaviru
148,bat_coronavirus,1,bat,coronavirus
149,baumannii_clinic,1,baumannii,clinic
150,baumannii_infect,1,baumannii,infect
151,baumannii_isol,1,baumannii,isol
152,baumannii_strain,1,baumannii,strain
153,bcg_vaccin,1,bcg,vaccin
154,bcp_mutat,1,bcp,mutat
155,bcp_region,1,bcp,region
156,beij_famili,1,beij,famili
157,beij_genotyp,2,beij,genotyp
158,beij_isol,1,beij,isol
159,beij_lineag,1,beij,lineag
160,beij_strain,2,beij,strain
161,beta_lactam,4,beta,lactam
162,beta_lactamas,5,beta,lactamas
163,bind_protein,1,bind,protein
164,bind_site,3,bind,site
165,biofilm_format,3,biofilm,format
166,biolog_properti,1,biolog,properti
167,biotyp_strain,1,biotyp,strain
168,bird_market,1,bird,market
169,bla_cmy,1,bla,cmy
170,bla_ctx,2,bla,ctx
171,bla_imp,2,bla,imp
172,bla_kpc,2,bla,kpc
173,bla_oxa,4,bla,oxa
174,bla_shv,2,bla,shv
175,bla_tem,2,bla,tem
176,bla_vim,3,bla,vim
177,blood_donor,6,blood,donor
178,blood_mononuclear,1,blood,mononuclear
179,blood_sampl,2,blood,sampl
180,blood_transfus,2,blood,transfus
181,bloodi_diarrhoea,1,bloodi,diarrhoea
182,bloodstream_infect,1,bloodstream,infect
183,bodi_mass,1,bodi,mass
184,born_outbreak,1,born,outbreak
185,born_pathogen,3,born,pathogen
186,born_patient,1,born,patient
187,born_viral,1,born,viral
188,bovi_bcg,1,bovi,bcg
189,bovi_isol,1,bovi,isol
190,bovi_strain,1,bovi,strain
191,bovin_tuberculosi,1,bovin,tuberculosi
192,bowel_diseas,1,bowel,diseas
193,broad_spectrum,3,broad,spectrum
194,burden_countri,1,burden,countri
195,campylobact_coli,1,campylobact,coli
196,campylobact_jejuni,1,campylobact,jejuni
197,cancer_patient,2,cancer,patient
198,cancer_risk,1,cancer,risk
199,candid_vaccin,2,candid,vaccin
200,canin_kidnei,1,canin,kidnei
201,capit_citi,1,capit,citi
202,capsid_protein,1,capsid,protein
203,carbapenem_resist,4,carbapenem,resist
204,carbapenemas_gene,4,carbapenemas,gene
205,carbapenemas_kpc,1,carbapenemas,kpc
206,carbapenemas_produc,3,carbapenemas,produc
207,carcinoma_hcc,3,carcinoma,hcc
208,cardiovascular_diseas,1,cardiovascular,diseas
209,care_hospit,3,care,hospit
210,care_unit,7,care,unit
211,carri_bla,3,carri,bla
212,carri_plasmid,2,carri,plasmid
213,cassett_arrai,2,cassett,arrai
214,cassett_chromosom,1,cassett,chromosom
215,cassett_mec,1,cassett,mec
216,catabol_mobil,1,catabol,mobil
217,caus_agent,13,caus,agent
218,caus_outbreak,1,caus,outbreak
219,cell_carcinoma,1,cell,carcinoma
220,cell_count,1,cell,count
221,cell_cultur,6,cell,cultur
222,cell_line,2,cell,line
223,cell_pbmc,1,cell,pbmc
224,cell_respons,2,cell,respons
225,central_africa,1,central,africa
226,central_african,1,central,african
227,central_asian,1,central,asian
228,cephalosporin_resist,2,cephalosporin,resist
229,cerebrospin_fluid,2,cerebrospin,fluid
230,cervic_cancer,1,cervic,cancer
231,cervic_carcinoma,1,cervic,carcinoma
232,cervic_intraepitheli,1,cervic,intraepitheli
233,cervic_lesion,1,cervic,lesion
234,cervic_neoplasia,1,cervic,neoplasia
235,chain_fatti,1,chain,fatti
236,chain_reaction,25,chain,reaction
237,character_hiv,1,character,hiv
238,chb_patient,1,chb,patient
239,chemokin_receptor,1,chemokin,receptor
240,chicken_duck,1,chicken,duck
241,chicken_egg,1,chicken,egg
242,chicken_embryo,1,chicken,embryo
243,children_worldwid,1,children,worldwid
244,chines_popul,1,chines,popul
245,chlamydia_trachomati,1,chlamydia,trachomati
246,cholera_caus,1,cholera,caus
247,cholera_cholera,1,cholera,cholera
248,cholera_epidem,1,cholera,epidem
249,cholera_genom,1,cholera,genom
250,cholera_isol,1,cholera,isol
251,cholera_outbreak,1,cholera,outbreak
252,cholera_pandem,1,cholera,pandem
253,cholera_patient,1,cholera,patient
254,cholera_popul,1,cholera,popul
255,cholera_serogroup,1,cholera,serogroup
256,cholera_strain,1,cholera,strain
257,cholera_toxin,1,cholera,toxin
258,cholera_vibrio,1,cholera,vibrio
259,chromosom_cassett,1,chromosom,cassett
260,chromosom_mec,1,chromosom,mec
261,chromosom_scc,1,chromosom,scc
262,chronic_carrier,1,chronic,carrier
263,chronic_hbv,1,chronic,hbv
264,chronic_hcv,1,chronic,hcv
265,chronic_hepat,4,chronic,hepat
266,chronic_infect,5,chronic,infect
267,chronic_liver,2,chronic,liver
268,circul_hiv,1,circul,hiv
269,circul_influenza,1,circul,influenza
270,circul_recombin,1,circul,recombin
271,circul_strain,3,circul,strain
272,circul_virus,1,circul,virus
273,circul_worldwid,1,circul,worldwid
274,citrobact_freundii,2,citrobact,freundii
275,classic_biotyp,1,classic,biotyp
276,classic_ctxb,1,classic,ctxb
277,classic_swine,1,classic,swine
278,clavulan_acid,2,clavulan,acid
279,cleavag_site,1,cleavag,site
280,clinic_isol,16,clinic,isol
281,clinic_mrsa,1,clinic,mrsa
282,clinic_outcom,6,clinic,outcom
283,clinic_sampl,4,clinic,sampl
284,clinic_sign,1,clinic,sign
285,clinic_specimen,3,clinic,specimen
286,clinic_strain,7,clinic,strain
287,clonal_complex,11,clonal,complex
288,clonal_lineag,4,clonal,lineag
289,clonal_popul,2,clonal,popul
290,clonal_relat,3,clonal,relat
291,clonal_relationship,1,clonal,relationship
292,clonal_spread,3,clonal,spread
293,close_relat,27,close,relat
294,clostridium_difficil,2,clostridium,difficil
295,cluster_analysi,1,cluster,analysi
296,cluster_isol,1,cluster,isol
297,cluster_rate,1,cluster,rate
298,cluster_regularli,1,cluster,regularli
299,coagulas_neg,1,coagulas,neg
300,code_region,5,code,region
301,codon_mutat,1,codon,mutat
302,codon_usag,1,codon,usag
303,cohort_studi,2,cohort,studi
304,coli_apec,1,coli,apec
305,coli_eaec,1,coli,eaec
306,coli_ehec,1,coli,ehec
307,coli_epec,1,coli,epec
308,coli_etec,1,coli,etec
309,coli_expec,1,coli,expec
310,coli_genom,1,coli,genom
311,coli_infect,1,coli,infect
312,coli_isol,2,coli,isol
313,coli_popul,1,coli,popul
314,coli_sequenc,1,coli,sequenc
315,coli_serotyp,1,coli,serotyp
316,coli_stec,1,coli,stec
317,coli_strain,2,coli,strain
318,coli_upec,1,coli,upec
319,combin_therapi,1,combin,therapi
320,commerci_poultri,1,commerci,poultri
321,common_ancestor,4,common,ancestor
322,common_sourc,1,common,sourc
323,commun_acquir,3,commun,acquir
324,compar_analysi,2,compar,analysi
325,compar_genom,11,compar,genom
326,complet_genom,24,complet,genom
327,complet_hbv,1,complet,hbv
328,complet_nucleotid,1,complet,nucleotid
329,complet_protect,1,complet,protect
330,complet_sequenc,3,complet,sequenc
331,complex_isol,1,complex,isol
332,complex_mhc,2,complex,mhc
333,complex_mtbc,1,complex,mtbc
334,complex_strain,1,complex,strain
335,composit_transposon,3,composit,transposon
336,concentr_mic,2,concentr,mic
337,conclus_hbv,1,conclus,hbv
338,conclus_hcv,1,conclus,hcv
339,confer_resist,4,confer,resist
340,confid_interv,7,confid,interv
341,congo_drc,1,congo,drc
342,conjug_element,1,conjug,element
343,conjug_plasmid,2,conjug,plasmid
344,conjug_vaccin,1,conjug,vaccin
345,consensu_primer,1,consensu,primer
346,consensu_sequenc,1,consensu,sequenc
347,contact_investig,1,contact,investig
348,contact_trace,1,contact,trace
349,continu_monitor,1,continu,monitor
350,continu_surveil,1,continu,surveil
351,control_measur,2,control,measur
352,control_program,2,control,program
353,control_region,1,control,region
354,control_studi,2,control,studi
355,core_antigen,1,core,antigen
356,core_gene,2,core,gene
357,core_genom,8,core,genom
358,core_promot,1,core,promot
359,core_region,2,core,region
360,coregul_pilu,1,coregul,pilu
361,coronaviru_cov,1,coronaviru,cov
362,coronaviru_genom,1,coronaviru,genom
363,coronaviru_infect,2,coronaviru,infect
364,coronaviru_mer,2,coronaviru,mer
365,coronaviru_sar,2,coronaviru,sar
366,coronavirus_cov,2,coronavirus,cov
367,cosmopolitan_genotyp,1,cosmopolitan,genotyp
368,cov_genom,2,cov,genom
369,cov_infect,2,cov,infect
370,cov_isol,2,cov,isol
371,cov_rna,2,cov,rna
372,cov_sequenc,2,cov,sequenc
373,cov_strain,2,cov,strain
374,crohn'_diseas,1,crohn',diseas
375,cross_contamin,1,cross,contamin
376,cross_protect,1,cross,protect
377,cross_reactiv,1,cross,reactiv
378,cross_section,3,cross,section
379,cross_speci,2,cross,speci
380,ctx_phage,1,ctx,phage
381,ctx_prophag,1,ctx,prophag
382,ctxb_gene,1,ctxb,gene
383,culex_pipien,1,culex,pipien
384,cultur_confirm,1,cultur,confirm
385,cultur_posit,1,cultur,posit
386,current_hiv,1,current,hiv
387,cystic_fibrosi,1,cystic,fibrosi
388,darbi_canin,1,darbi,canin
389,data_suggest,9,data,suggest
390,deep_sequenc,2,deep,sequenc
391,defin_cluster,1,defin,cluster
392,delet_mutant,1,delet,mutant
393,democrat_republ,1,democrat,republ
394,dengu_diseas,1,dengu,diseas
395,dengu_epidem,1,dengu,epidem
396,dengu_fever,1,dengu,fever
397,dengu_haemorrhag,1,dengu,haemorrhag
398,dengu_hemorrhag,1,dengu,hemorrhag
399,dengu_infect,1,dengu,infect
400,dengu_outbreak,1,dengu,outbreak
401,dengu_type,1,dengu,type
402,dengu_viru,1,dengu,viru
403,dengu_virus,1,dengu,virus
404,denv_genom,1,denv,genom
405,denv_infect,1,denv,infect
406,denv_serotyp,1,denv,serotyp
407,depend_rna,1,depend,rna
408,detect_hbv,1,detect,hbv
409,detect_hpv,1,detect,hpv
410,develop_countri,5,develop,countri
411,diabet_mellitu,1,diabet,mellitu
412,diagnost_test,1,diagnost,test
413,diarrheal_diseas,1,diarrheal,diseas
414,differenti_express,1,differenti,express
415,differenti_regul,1,differenti,regul
416,difficil_infect,2,difficil,infect
417,difficil_isol,1,difficil,isol
418,digest_genom,2,digest,genom
419,dilut_method,1,dilut,method
420,direct_act,1,direct,act
421,direct_repeat,1,direct,repeat
422,direct_sequenc,2,direct,sequenc
423,directli_sequenc,1,directli,sequenc
424,discriminatori_index,1,discriminatori,index
425,discriminatori_power,6,discriminatori,power
426,diseas_caus,5,diseas,caus
427,diseas_cholera,1,diseas,cholera
428,diseas_control,1,diseas,control
429,diseas_includ,1,diseas,includ
430,diseas_outbreak,8,diseas,outbreak
431,diseas_outcom,1,diseas,outcom
432,diseas_progress,3,diseas,progress
433,diseas_sever,1,diseas,sever
434,diseas_surveil,1,diseas,surveil
435,disk_diffus,1,disk,diffus
436,distantli_relat,1,distantli,relat
437,distinct_geograph,1,distinct,geograph
438,distinct_lineag,1,distinct,lineag
439,divers_hiv,1,divers,hiv
440,dna_extract,2,dna,extract
441,dna_fingerprint,2,dna,fingerprint
442,dna_level,1,dna,level
443,dna_microarrai,3,dna,microarrai
444,dna_posit,2,dna,posit
445,dna_rapd,1,dna,rapd
446,dna_sequenc,15,dna,sequenc
447,domest_bird,1,domest,bird
448,domest_duck,1,domest,duck
449,domest_poultri,1,domest,poultri
450,doubl_mutat,1,doubl,mutat
451,draft_genom,7,draft,genom
452,drug_resist,12,drug,resist
453,drug_sensit,1,drug,sensit
454,drug_suscept,2,drug,suscept
455,drug_user,2,drug,user
456,dual_infect,1,dual,infect
457,eaec_strain,1,eaec,strain
458,east_african,1,east,african
459,east_asia,2,east,asia
460,east_respiratori,2,east,respiratori
461,eastern_china,1,eastern,china
462,ebola_viru,1,ebola,viru
463,effac_lee,1,effac,lee
464,effect_vaccin,2,effect,vaccin
465,efflux_pump,1,efflux,pump
466,ehec_strain,1,ehec,strain
467,electrophoresi_pfge,13,electrophoresi,pfge
468,electrophoret_mobil,1,electrophoret,mobil
469,element_acm,1,element,acm
470,element_ic,1,element,ic
471,element_mge,1,element,mge
472,embryon_chicken,1,embryon,chicken
473,emerg_infecti,1,emerg,infecti
474,emerg_pathogen,1,emerg,pathogen
475,enceph_viru,1,enceph,viru
476,encod_cholera,1,encod,cholera
477,encod_gene,6,encod,gene
478,encod_plasmid,2,encod,plasmid
479,endem_region,1,endem,region
480,energi_balanc,1,energi,balanc
481,energi_metabol,1,energi,metabol
482,enter_pathogen,1,enter,pathogen
483,enterica_isol,1,enterica,isol
484,enterica_serotyp,2,enterica,serotyp
485,enterica_serovar,3,enterica,serovar
486,enterica_strain,1,enterica,strain
487,enterica_subsp,3,enterica,subsp
488,enterica_subspeci,1,enterica,subspeci
489,enteritidi_isol,1,enteritidi,isol
490,enteritidi_strain,1,enteritidi,strain
491,enteroaggreg_escherichia,1,enteroaggreg,escherichia
492,enterobact_cloaca,3,enterobact,cloaca
493,enterobacteri_repetit,1,enterobacteri,repetit
494,enterobacteriacea_isol,3,enterobacteriacea,isol
495,enterococci_vre,1,enterococci,vre
496,enterococcu_faecali,1,enterococcu,faecali
497,enterococcu_faecium,1,enterococcu,faecium
498,enterocyt_effac,1,enterocyt,effac
499,enterohemorrhag_escherichia,1,enterohemorrhag,escherichia
500,enteropathogen_escherichia,1,enteropathogen,escherichia
501,enterotoxigen_escherichia,1,enterotoxigen,escherichia
502,enterotoxin_gene,1,enterotoxin,gene
503,entir_genom,3,entir,genom
504,env_gene,1,env,gene
505,env_region,1,env,region
506,env_sequenc,1,env,sequenc
507,envelop_gene,2,envelop,gene
508,environment_factor,1,environment,factor
509,environment_isol,5,environment,isol
510,environment_sampl,2,environment,sampl
511,environment_sourc,1,environment,sourc
512,environment_strain,1,environment,strain
513,environment_vibrio,1,environment,vibrio
514,enzym_immunoassai,1,enzym,immunoassai
515,epidem_cholera,1,epidem,cholera
516,epidem_clone,4,epidem,clone
517,epidem_methicillin,1,epidem,methicillin
518,epidem_mrsa,1,epidem,mrsa
519,epidem_outbreak,1,epidem,outbreak
520,epidem_popul,1,epidem,popul
521,epidem_season,1,epidem,season
522,epidem_strain,6,epidem,strain
523,epidem_vibrio,1,epidem,vibrio
524,epidemiolog_analysi,2,epidemiolog,analysi
525,epidemiolog_data,2,epidemiolog,data
526,epidemiolog_investig,8,epidemiolog,investig
527,epidemiolog_link,3,epidemiolog,link
528,epidemiolog_studi,12,epidemiolog,studi
529,epidemiolog_unrel,1,epidemiolog,unrel
530,epidemiologi_studi,1,epidemiologi,studi
531,epitheli_cell,1,epitheli,cell
532,epstein_barr,1,epstein,barr
533,eric_pcr,1,eric,pcr
534,esbl_gene,2,esbl,gene
535,esbl_phenotyp,1,esbl,phenotyp
536,esbl_posit,2,esbl,posit
537,esbl_produc,3,esbl,produc
538,escap_mutant,1,escap,mutant
539,escherichia_coli,6,escherichia,coli
540,etec_strain,1,etec,strain
541,etiolog_agent,4,etiolog,agent
542,eurasian_lineag,1,eurasian,lineag
543,euro_american,1,euro,american
544,european_countri,1,european,countri
545,evolutionari_analysi,1,evolutionari,analysi
546,evolutionari_dynam,1,evolutionari,dynam
547,evolutionari_histori,5,evolutionari,histori
548,evolutionari_origin,1,evolutionari,origin
549,evolutionari_rate,1,evolutionari,rate
550,exact_tandem,1,exact,tandem
551,exfoli_toxin,1,exfoli,toxin
552,experiment_infect,1,experiment,infect
553,express_level,1,express,level
554,express_profil,1,express,profil
555,extend_spectrum,4,extend,spectrum
556,extens_drug,1,extens,drug
557,extraintestin_pathogen,1,extraintestin,pathogen
558,faecal_sampl,1,faecal,sampl
559,faecali_isol,1,faecali,isol
560,faecium_isol,1,faecium,isol
561,faecium_strain,1,faecium,strain
562,famili_strain,1,famili,strain
563,fatti_acid,1,fatti,acid
564,fecal_sampl,2,fecal,sampl
565,fever_dhf,1,fever,dhf
566,fever_viru,1,fever,viru
567,field_gel,14,field,gel
568,find_suggest,8,find,suggest
569,fluoroquinolon_resist,2,fluoroquinolon,resist
570,food_anim,1,food,anim
571,food_born,4,food,born
572,food_safeti,2,food,safeti
573,foodborn_outbreak,1,foodborn,outbreak
574,foodborn_pathogen,3,foodborn,pathogen
575,foreign_born,1,foreign,born
576,form_crf,1,form,crf
577,form_urf,1,form,urf
578,fragment_length,11,fragment,length
579,frame_orf,1,frame,orf
580,frequent_isol,1,frequent,isol
581,frequent_recombin,2,frequent,recombin
582,fulmin_hepat,1,fulmin,hepat
583,fusid_acid,1,fusid,acid
584,gag_gene,1,gag,gene
585,gag_pol,1,gag,pol
586,gaston_discriminatori,1,gaston,discriminatori
587,gastric_cancer,1,gastric,cancer
588,gastroenter_worldwid,1,gastroenter,worldwid
589,gastrointestin_tract,1,gastrointestin,tract
590,gel_electrophoresi,15,gel,electrophoresi
591,gene_bla,3,gene,bla
592,gene_cassett,4,gene,cassett
593,gene_cluster,6,gene,cluster
594,gene_constel,1,gene,constel
595,gene_content,3,gene,content
596,gene_encod,11,gene,encod
597,gene_express,6,gene,express
598,gene_fragment,1,gene,fragment
599,gene_includ,2,gene,includ
600,gene_involv,3,gene,involv
601,gene_pool,1,gene,pool
602,gene_profil,2,gene,profil
603,gene_reassort,1,gene,reassort
604,gene_region,1,gene,region
605,gene_regul,1,gene,regul
606,gene_reveal,1,gene,reveal
607,gene_segment,2,gene,segment
608,gene_sequenc,9,gene,sequenc
609,gene_transfer,6,gene,transfer
610,gener_cephalosporin,2,gener,cephalosporin
611,gener_sequenc,6,gener,sequenc
612,genet_analys,1,genet,analys
613,genet_analysi,5,genet,analysi
614,genet_background,2,genet,background
615,genet_basi,1,genet,basi
616,genet_character,5,genet,character
617,genet_characterist,2,genet,characterist
618,genet_distanc,1,genet,distanc
619,genet_distinct,2,genet,distinct
620,genet_divers,24,genet,divers
621,genet_drift,1,genet,drift
622,genet_element,8,genet,element
623,genet_environ,2,genet,environ
624,genet_evolut,1,genet,evolut
625,genet_factor,1,genet,factor
626,genet_form,1,genet,form
627,genet_heterogen,1,genet,heterogen
628,genet_lineag,3,genet,lineag
629,genet_marker,3,genet,marker
630,genet_polymorph,1,genet,polymorph
631,genet_reassort,1,genet,reassort
632,genet_related,4,genet,related
633,genet_relationship,3,genet,relationship
634,genet_sequenc,1,genet,sequenc
635,genet_similar,1,genet,similar
636,genet_structur,1,genet,structur
637,genet_subtyp,1,genet,subtyp
638,genet_system,1,genet,system
639,genet_variabl,7,genet,variabl
640,genet_variant,2,genet,variant
641,genet_variat,7,genet,variat
642,genom_amplif,1,genom,amplif
643,genom_analys,1,genom,analys
644,genom_analysi,14,genom,analysi
645,genom_base,1,genom,base
646,genom_character,3,genom,character
647,genom_comparison,3,genom,comparison
648,genom_composit,1,genom,composit
649,genom_constel,1,genom,constel
650,genom_delet,1,genom,delet
651,genom_divers,4,genom,divers
652,genom_dna,5,genom,dna
653,genom_encod,1,genom,encod
654,genom_evolut,1,genom,evolut
655,genom_island,7,genom,island
656,genom_length,1,genom,length
657,genom_level,2,genom,level
658,genom_multilocu,1,genom,multilocu
659,genom_nflg,1,genom,nflg
660,genom_region,7,genom,region
661,genom_reveal,1,genom,reveal
662,genom_segment,2,genom,segment
663,genom_sequenc,34,genom,sequenc
664,genom_wide,15,genom,wide
665,genotyp_analysi,1,genotyp,analysi
666,genotyp_assai,1,genotyp,assai
667,genotyp_cluster,1,genotyp,cluster
668,genotyp_combin,1,genotyp,combin
669,genotyp_constel,1,genotyp,constel
670,genotyp_data,1,genotyp,data
671,genotyp_distribut,2,genotyp,distribut
672,genotyp_famili,1,genotyp,famili
673,genotyp_iii,2,genotyp,iii
674,genotyp_method,2,genotyp,method
675,genotyp_strain,1,genotyp,strain
676,genotyp_subgenotyp,1,genotyp,subgenotyp
677,genotyp_techniqu,1,genotyp,techniqu
678,geograph_distribut,5,geograph,distribut
679,geograph_divers,1,geograph,divers
680,geograph_locat,2,geograph,locat
681,geograph_origin,4,geograph,origin
682,geograph_region,4,geograph,region
683,german_outbreak,1,german,outbreak
684,global_gene,1,global,gene
685,global_hiv,1,global,hiv
686,global_influenza,1,global,influenza
687,glycopeptid_resist,1,glycopeptid,resist
688,glycosyl_site,1,glycosyl,site
689,gold_standard,1,gold,standard
690,grade_squamou,1,grade,squamou
691,gram_neg,6,gram,neg
692,guinea_pig,1,guinea,pig
693,gut_microbi,1,gut,microbi
694,gut_microbiom,1,gut,microbiom
695,gut_microbiota,2,gut,microbiota
696,haemolyt_uraem,1,haemolyt,uraem
697,haemorrhag_fever,1,haemorrhag,fever
698,hav_genom,2,hav,genom
699,hav_infect,1,hav,infect
700,hav_rna,2,hav,rna
701,hav_strain,2,hav,strain
702,hbe_posit,1,hbe,posit
703,hbeag_neg,1,hbeag,neg
704,hbeag_posit,1,hbeag,posit
705,hbeag_seroconvers,1,hbeag,seroconvers
706,hbsag_anti,1,hbsag,anti
707,hbsag_neg,1,hbsag,neg
708,hbsag_posit,1,hbsag,posit
709,hbv_carrier,1,hbv,carrier
710,hbv_core,1,hbv,core
711,hbv_dna,3,hbv,dna
712,hbv_genom,3,hbv,genom
713,hbv_genotyp,3,hbv,genotyp
714,hbv_infect,3,hbv,infect
715,hbv_isol,1,hbv,isol
716,hbv_mutant,1,hbv,mutant
717,hbv_mutat,1,hbv,mutat
718,hbv_patient,1,hbv,patient
719,hbv_relat,1,hbv,relat
720,hbv_replic,1,hbv,replic
721,hbv_sequenc,1,hbv,sequenc
722,hbv_strain,1,hbv,strain
723,hbv_subgenotyp,1,hbv,subgenotyp
724,hbv_surfac,1,hbv,surfac
725,hbv_transmiss,1,hbv,transmiss
726,hbv_vaccin,1,hbv,vaccin
727,hbv_variant,1,hbv,variant
728,hbv_viral,1,hbv,viral
729,hcc_develop,1,hcc,develop
730,hcc_patient,1,hcc,patient
731,hcc_risk,1,hcc,risk
732,hcv_antibodi,1,hcv,antibodi
733,hcv_clearanc,1,hcv,clearanc
734,hcv_core,1,hcv,core
735,hcv_genom,1,hcv,genom
736,hcv_genotyp,1,hcv,genotyp
737,hcv_infect,3,hcv,infect
738,hcv_isol,1,hcv,isol
739,hcv_patient,1,hcv,patient
740,hcv_posit,1,hcv,posit
741,hcv_relat,1,hcv,relat
742,hcv_rna,1,hcv,rna
743,hcv_sequenc,1,hcv,sequenc
744,hcv_strain,1,hcv,strain
745,hcv_subtyp,1,hcv,subtyp
746,hcv_transmiss,2,hcv,transmiss
747,hcv_viral,1,hcv,viral
748,health_care,5,health,care
749,health_organ,1,health,organ
750,healthi_individu,1,healthi,individu
751,healthi_subject,1,healthi,subject
752,heat_stabl,1,heat,stabl
753,helicobact_pylori,1,helicobact,pylori
754,hemagglutin_inhibit,1,hemagglutin,inhibit
755,hemagglutinin_gene,1,hemagglutinin,gene
756,hemolyt_urem,1,hemolyt,urem
757,hemorrhag_coliti,1,hemorrhag,coliti
758,hemorrhag_fever,2,hemorrhag,fever
759,hepatocellular_carcinoma,3,hepatocellular,carcinoma
760,herp_simplex,2,herp,simplex
761,heteroduplex_mobil,1,heteroduplex,mobil
762,heterosexu_contact,1,heterosexu,contact
763,heterosexu_transmiss,1,heterosexu,transmiss
764,hev_antibodi,1,hev,antibodi
765,hev_genom,2,hev,genom
766,hev_genotyp,1,hev,genotyp
767,hev_infect,2,hev,infect
768,hev_isol,2,hev,isol
769,hev_rna,2,hev,rna
770,hev_strain,2,hev,strain
771,highli_activ,1,highli,activ
772,highli_conserv,5,highli,conserv
773,highli_discriminatori,2,highli,discriminatori
774,highli_pathogen,1,highli,pathogen
775,highli_preval,1,highli,preval
776,highli_relat,1,highli,relat
777,highli_resist,1,highli,resist
778,highli_similar,1,highli,similar
779,highli_virul,5,highli,virul
780,histocompat_complex,2,histocompat,complex
781,hiv_aid,1,hiv,aid
782,hiv_diseas,1,hiv,diseas
783,hiv_epidem,1,hiv,epidem
784,hiv_genom,1,hiv,genom
785,hiv_infect,3,hiv,infect
786,hiv_neg,1,hiv,neg
787,hiv_patient,1,hiv,patient
788,hiv_posit,1,hiv,posit
789,hiv_rna,1,hiv,rna
790,hiv_sequenc,1,hiv,sequenc
791,hiv_seroposit,1,hiv,seroposit
792,hiv_strain,1,hiv,strain
793,hiv_subtyp,1,hiv,subtyp
794,hiv_transmiss,1,hiv,transmiss
795,hiv_type,1,hiv,type
796,hiv_variant,1,hiv,variant
797,hla_allel,1,hla,allel
798,hla_class,4,hla,class
799,homolog_recombin,2,homolog,recombin
800,hong_kong,2,hong,kong
801,horizont_gene,3,horizont,gene
802,horizont_transfer,5,horizont,transfer
803,hospit_acquir,1,hospit,acquir
804,hospit_environ,1,hospit,environ
805,hospit_infect,1,hospit,infect
806,hospit_outbreak,2,hospit,outbreak
807,hospit_patient,4,hospit,patient
808,hospit_set,1,hospit,set
809,host_adapt,1,host,adapt
810,host_cell,3,host,cell
811,host_factor,3,host,factor
812,host_genet,2,host,genet
813,host_genom,1,host,genom
814,host_immun,2,host,immun
815,host_interact,1,host,interact
816,host_pathogen,1,host,pathogen
817,host_rang,3,host,rang
818,host_respons,1,host,respons
819,host_speci,1,host,speci
820,host_specif,1,host,specif
821,housekeep_gene,1,housekeep,gene
822,hpai_viru,1,hpai,viru
823,hpai_virus,1,hpai,virus
824,hpv_detect,1,hpv,detect
825,hpv_dna,1,hpv,dna
826,hpv_genom,1,hpv,genom
827,hpv_genotyp,1,hpv,genotyp
828,hpv_infect,1,hpv,infect
829,hpv_neg,1,hpv,neg
830,hpv_posit,1,hpv,posit
831,hpv_preval,1,hpv,preval
832,hpv_relat,1,hpv,relat
833,hpv_statu,1,hpv,statu
834,hpv_test,1,hpv,test
835,hpv_type,1,hpv,type
836,hpv_vaccin,1,hpv,vaccin
837,human_adapt,1,human,adapt
838,human_cell,1,human,cell
839,human_coronaviru,2,human,coronaviru
840,human_coronavirus,2,human,coronavirus
841,human_diseas,3,human,diseas
842,human_genom,1,human,genom
843,human_gut,1,human,gut
844,human_health,3,human,health
845,human_hepat,3,human,hepat
846,human_herpesviru,1,human,herpesviru
847,human_host,2,human,host
848,human_immunodefici,4,human,immunodefici
849,human_infect,5,human,infect
850,human_influenza,1,human,influenza
851,human_isol,2,human,isol
852,human_leukocyt,3,human,leukocyt
853,human_microbiom,1,human,microbiom
854,human_origin,1,human,origin
855,human_outbreak,1,human,outbreak
856,human_pandem,1,human,pandem
857,human_papilloma,1,human,papilloma
858,human_papillomaviru,1,human,papillomaviru
859,human_papillomavirus,1,human,papillomavirus
860,human_pathogen,10,human,pathogen
861,human_popul,6,human,popul
862,human_rotaviru,1,human,rotaviru
863,human_rotavirus,1,human,rotavirus
864,human_salmonellosi,1,human,salmonellosi
865,human_strain,1,human,strain
866,human_transmiss,3,human,transmiss
867,human_tuberculosi,1,human,tuberculosi
868,human_virus,1,human,virus
869,hunter_gaston,1,hunter,gaston
870,hypervari_region,1,hypervari,region
871,identifi_hiv,1,identifi,hiv
872,igg_antibodi,1,igg,antibodi
873,igm_antibodi,1,igm,antibodi
874,iii_secret,1,iii,secret
875,imipenem_resist,1,imipenem,resist
876,immun_respons,11,immun,respons
877,immun_system,3,immun,system
878,immunodefici_viru,4,immunodefici,viru
879,immunodefici_virus,1,immunodefici,virus
880,import_influenza,1,import,influenza
881,inactiv_vaccin,1,inactiv,vaccin
882,incid_set,1,incid,set
883,includ_human,1,includ,human
884,increas_preval,2,increas,preval
885,increas_risk,4,increas,risk
886,increas_virul,1,increas,virul
887,indian_eai,1,indian,eai
888,individu_infect,1,individu,infect
889,infect_caus,4,infect,caus
890,infect_cdi,2,infect,cdi
891,infect_cell,3,infect,cell
892,infect_children,1,infect,children
893,infect_control,7,infect,control
894,infect_hbv,1,infect,hbv
895,infect_hcv,1,infect,hcv
896,infect_hiv,1,infect,hiv
897,infect_human,3,infect,human
898,infect_individu,2,infect,individu
899,infect_mice,2,infect,mice
900,infect_model,1,infect,model
901,infect_obi,1,infect,obi
902,infect_patient,3,infect,patient
903,infect_person,1,infect,person
904,infect_popul,1,infect,popul
905,infect_subject,1,infect,subject
906,infect_uti,1,infect,uti
907,infecti_diseas,9,infecti,diseas
908,infecti_viru,1,infecti,viru
909,inflammatori_bowel,1,inflammatori,bowel
910,inflammatori_respons,1,inflammatori,respons
911,influenza_epidem,1,influenza,epidem
912,influenza_gene,1,influenza,gene
913,influenza_genom,1,influenza,genom
914,influenza_hpai,1,influenza,hpai
915,influenza_infect,1,influenza,infect
916,influenza_influenza,1,influenza,influenza
917,influenza_isol,1,influenza,isol
918,influenza_lpai,1,influenza,lpai
919,influenza_outbreak,1,influenza,outbreak
920,influenza_pandem,1,influenza,pandem
921,influenza_season,1,influenza,season
922,influenza_strain,1,influenza,strain
923,influenza_subtyp,1,influenza,subtyp
924,influenza_surveil,1,influenza,surveil
925,influenza_vaccin,1,influenza,vaccin
926,influenza_viral,1,influenza,viral
927,influenza_viru,1,influenza,viru
928,influenza_virus,1,influenza,virus
929,inh_resist,1,inh,resist
930,inhibitori_concentr,5,inhibitori,concentr
931,inject_drug,2,inject,drug
932,innat_immun,2,innat,immun
933,insert_sequenc,6,insert,sequenc
934,insert_site,1,insert,site
935,insulin_resist,1,insulin,resist
936,integr_conjug,1,integr,conjug
937,intens_care,7,intens,care
938,interferon_alpha,1,interferon,alpha
939,interferon_base,1,interferon,base
940,interferon_ifn,1,interferon,ifn
941,intermedi_host,1,intermedi,host
942,intern_clone,1,intern,clone
943,intern_databas,1,intern,databas
944,intern_gene,1,intern,gene
945,intern_protein,1,intern,protein
946,interspac_short,1,interspac,short
947,interspeci_transmiss,2,interspeci,transmiss
948,interspers_repetit,2,interspers,repetit
949,intersubtyp_recombin,1,intersubtyp,recombin
950,intestin_microbiota,1,intestin,microbiota
951,intraepitheli_lesion,1,intraepitheli,lesion
952,intraepitheli_neoplasia,1,intraepitheli,neoplasia
953,intraven_drug,2,intraven,drug
954,intraven_pathogen,1,intraven,pathogen
955,invas_cervic,1,invas,cervic
956,invas_diseas,3,invas,diseas
957,invas_infect,1,invas,infect
958,invas_meningococc,1,invas,meningococc
959,island_vpi,1,island,vpi
960,isoelectr_focus,2,isoelectr,focus
961,isol_belong,12,isol,belong
962,isol_carri,7,isol,carri
963,isol_cluster,1,isol,cluster
964,isol_collect,12,isol,collect
965,isol_contain,2,isol,contain
966,isol_differ,1,isol,differ
967,isol_exhibit,1,isol,exhibit
968,isol_harbor,3,isol,harbor
969,isol_includ,4,isol,includ
970,isol_obtain,6,isol,obtain
971,isol_produc,3,isol,produc
972,isol_recov,4,isol,recov
973,isol_reveal,2,isol,reveal
974,isol_test,1,isol,test
975,isoniazid_inh,1,isoniazid,inh
976,isoniazid_resist,1,isoniazid,resist
977,japanes_enceph,1,japanes,enceph
978,kaposi'_sarcoma,1,kaposi',sarcoma
979,katg_gene,1,katg,gene
980,klebsiella_oxytoca,2,klebsiella,oxytoca
981,klebsiella_pneumonia,3,klebsiella,pneumonia
982,klebsiella_spp,2,klebsiella,spp
983,kpc_produc,1,kpc,produc
984,lactam_antibiot,1,lactam,antibiot
985,lactam_resist,1,lactam,resist
986,lactamas_esbl,3,lactamas,esbl
987,lactamas_gene,4,lactamas,gene
988,lactamas_mbl,2,lactamas,mbl
989,lactamas_produc,3,lactamas,produc
990,lam_famili,1,lam,famili
991,latent_infect,1,latent,infect
992,latin_american,1,latin,american
993,legionella_pneumophila,1,legionella,pneumophila
994,legionnair_diseas,1,legionnair,diseas
995,length_genom,6,length,genom
996,length_hbv,1,length,hbv
997,length_hiv,1,length,hiv
998,length_polymorph,11,length,polymorph
999,length_sequenc,1,length,sequenc
1000,lethal_challeng,1,lethal,challeng
1001,leukocidin_gene,1,leukocidin,gene
1002,leukocidin_pvl,1,leukocidin,pvl
1003,leukocyt_antigen,3,leukocyt,antigen
1004,level_resist,1,level,resist
1005,life_cycl,2,life,cycl
1006,line_drug,1,line,drug
1007,line_probe,1,line,probe
1008,lineag_specif,1,lineag,specif
1009,listeria_monocytogen,1,listeria,monocytogen
1010,listeriosi_outbreak,1,listeriosi,outbreak
1011,live_attenu,1,live,attenu
1012,live_bird,1,live,bird
1013,live_poultri,1,live,poultri
1014,liver_cirrhosi,2,liver,cirrhosi
1015,liver_diseas,5,liver,diseas
1016,liver_tissu,1,liver,tissu
1017,liver_transplant,1,liver,transplant
1018,liverpool_epidem,1,liverpool,epidem
1019,lo_alamo,1,lo,alamo
1020,loci_miru,1,loci,miru
1021,locu_miru,1,locu,miru
1022,locu_mycobacteri,1,locu,mycobacteri
1023,locu_sequenc,4,locu,sequenc
1024,locu_variabl,6,locu,variabl
1025,locu_variant,1,locu,variant
1026,logist_regress,4,logist,regress
1027,low_grade,2,low,grade
1028,low_incid,1,low,incid
1029,low_level,4,low,level
1030,low_pathogen,1,low,pathogen
1031,low_preval,1,low,preval
1032,low_risk,1,low,risk
1033,lpai_virus,1,lpai,virus
1034,lung_infect,1,lung,infect
1035,macrolid_resist,1,macrolid,resist
1036,madin_darbi,1,madin,darbi
1037,mainland_china,1,mainland,china
1038,major_genotyp,1,major,genotyp
1039,major_histocompat,2,major,histocompat
1040,major_virul,1,major,virul
1041,mammalian_adapt,1,mammalian,adapt
1042,mammalian_cell,1,mammalian,cell
1043,mammalian_host,1,mammalian,host
1044,mammalian_speci,1,mammalian,speci
1045,mass_index,1,mass,index
1046,matrix_gene,1,matrix,gene
1047,matrix_protein,1,matrix,protein
1048,maximum_likelihood,2,maximum,likelihood
1049,mbl_gene,1,mbl,gene
1050,mdck_cell,1,mdck,cell
1051,mdr_isol,1,mdr,isol
1052,mdr_strain,1,mdr,strain
1053,mdr_tuberculosi,1,mdr,tuberculosi
1054,mec_sccmec,1,mec,sccmec
1055,mec_type,1,mec,type
1056,meca_gene,1,meca,gene
1057,meca_posit,1,meca,posit
1058,mechan_involv,1,mechan,involv
1059,mediat_quinolon,2,mediat,quinolon
1060,mediterranean_lam,1,mediterranean,lam
1061,membran_protein,6,membran,protein
1062,membran_vesicl,1,membran,vesicl
1063,meningitidi_serogroup,1,meningitidi,serogroup
1064,meningitidi_strain,1,meningitidi,strain
1065,meningococc_diseas,1,meningococc,diseas
1066,meningococc_vaccin,1,meningococc,vaccin
1067,mer_cov,2,mer,cov
1068,meta_analysi,1,meta,analysi
1069,metabol_diseas,1,metabol,diseas
1070,metagenom_approach,1,metagenom,approach
1071,metagenom_sequenc,1,metagenom,sequenc
1072,metallo_beta,3,metallo,beta
1073,methicillin_resist,1,methicillin,resist
1074,methicillin_sensit,1,methicillin,sensit
1075,methicillin_suscept,1,methicillin,suscept
1076,method_base,1,method,base
1077,method_hiv,1,method,hiv
1078,meticillin_resist,1,meticillin,resist
1079,mhc_class,1,mhc,class
1080,microarrai_analysi,1,microarrai,analysi
1081,microbi_commun,1,microbi,commun
1082,microbiota_composit,1,microbiota,composit
1083,middl_east,3,middl,east
1084,migratori_bird,1,migratori,bird
1085,million_peopl,1,million,peopl
1086,minimum_inhibitori,5,minimum,inhibitori
1087,miru_loci,1,miru,loci
1088,miru_type,1,miru,type
1089,miru_vntr,2,miru,vntr
1090,mix_infect,3,mix,infect
1091,mlst_data,1,mlst,data
1092,mlst_databas,1,mlst,databas
1093,mlva_assai,1,mlva,assai
1094,mlva_method,1,mlva,method
1095,mlva_profil,1,mlva,profil
1096,mlva_type,4,mlva,type
1097,mobil_assai,1,mobil,assai
1098,mobil_element,3,mobil,element
1099,mobil_genet,4,mobil,genet
1100,mobil_shift,1,mobil,shift
1101,molecular_analysi,1,molecular,analysi
1102,molecular_assai,1,molecular,assai
1103,molecular_biologi,1,molecular,biologi
1104,molecular_character,12,molecular,character
1105,molecular_characterist,2,molecular,characterist
1106,molecular_clone,1,molecular,clone
1107,molecular_determin,1,molecular,determin
1108,molecular_diagnost,1,molecular,diagnost
1109,molecular_epidemiolog,6,molecular,epidemiolog
1110,molecular_epidemiologi,19,molecular,epidemiologi
1111,molecular_evolut,1,molecular,evolut
1112,molecular_genet,2,molecular,genet
1113,molecular_marker,2,molecular,marker
1114,molecular_mechan,2,molecular,mechan
1115,molecular_method,2,molecular,method
1116,molecular_subtyp,4,molecular,subtyp
1117,molecular_techniqu,1,molecular,techniqu
1118,molecular_type,13,molecular,type
1119,monocytogen_isol,1,monocytogen,isol
1120,monocytogen_strain,1,monocytogen,strain
1121,mononuclear_cell,1,mononuclear,cell
1122,monophylet_cluster,1,monophylet,cluster
1123,month_period,4,month,period
1124,mortal_rate,1,mortal,rate
1125,mosaic_structur,1,mosaic,structur
1126,mosquito_born,3,mosquito,born
1127,mosquito_vector,1,mosquito,vector
1128,mous_adapt,1,mous,adapt
1129,mous_model,1,mous,model
1130,mrsa_belong,1,mrsa,belong
1131,mrsa_carriag,1,mrsa,carriag
1132,mrsa_carrier,1,mrsa,carrier
1133,mrsa_clinic,1,mrsa,clinic
1134,mrsa_clone,1,mrsa,clone
1135,mrsa_colon,1,mrsa,colon
1136,mrsa_infect,1,mrsa,infect
1137,mrsa_isol,1,mrsa,isol
1138,mrsa_lineag,1,mrsa,lineag
1139,mrsa_outbreak,1,mrsa,outbreak
1140,mrsa_strain,1,mrsa,strain
1141,mrsa_transmiss,1,mrsa,transmiss
1142,mssa_isol,1,mssa,isol
1143,mssa_strain,1,mssa,strain
1144,mtb_isol,1,mtb,isol
1145,mtb_strain,1,mtb,strain
1146,mtbc_isol,1,mtbc,isol
1147,multi_drug,2,multi,drug
1148,multi_locu,5,multi,locu
1149,multidrug_resist,11,multidrug,resist
1150,multilocu_sequenc,15,multilocu,sequenc
1151,multilocu_variabl,5,multilocu,variabl
1152,multipl_basic,1,multipl,basic
1153,multipl_drug,1,multipl,drug
1154,multipl_locu,5,multipl,locu
1155,multipl_reassort,1,multipl,reassort
1156,multipl_subtyp,1,multipl,subtyp
1157,multiplex_pcr,2,multiplex,pcr
1158,multist_outbreak,2,multist,outbreak
1159,mupirocin_resist,1,mupirocin,resist
1160,mutat_rate,2,mutat,rate
1161,mycobacteri_genom,1,mycobacteri,genom
1162,mycobacteri_interspers,2,mycobacteri,interspers
1163,mycobacterium_bovi,1,mycobacterium,bovi
1164,mycobacterium_tuberculosi,2,mycobacterium,tuberculosi
1165,naiv_patient,1,naiv,patient
1166,nalidix_acid,2,nalidix,acid
1167,nasal_carriag,1,nasal,carriag
1168,nasal_colon,1,nasal,colon
1169,nasal_swab,2,nasal,swab
1170,nasopharyng_swab,1,nasopharyng,swab
1171,nation_park,1,nation,park
1172,natur_histori,3,natur,histori
1173,natur_reservoir,2,natur,reservoir
1174,neck_cancer,1,neck,cancer
1175,neck_squamou,1,neck,squamou
1176,nef_gene,1,nef,gene
1177,neg_bacteria,3,neg,bacteria
1178,neg_patient,1,neg,patient
1179,neg_sens,1,neg,sens
1180,neg_staphylococci,1,neg,staphylococci
1181,neighbor_join,1,neighbor,join
1182,neisseria_meningitidi,1,neisseria,meningitidi
1183,neonat_intens,3,neonat,intens
1184,nervou_system,2,nervou,system
1185,nest_pcr,2,nest,pcr
1186,nest_polymeras,1,nest,polymeras
1187,nest_revers,1,nest,revers
1188,neuraminidas_gene,1,neuraminidas,gene
1189,neuraminidas_inhibitor,1,neuraminidas,inhibitor
1190,neurolog_diseas,1,neurolog,diseas
1191,neutral_antibodi,1,neutral,antibodi
1192,newli_diagnos,1,newli,diagnos
1193,newli_emerg,3,newli,emerg
1194,nile_viru,1,nile,viru
1195,nonstructur_protein,3,nonstructur,protein
1196,nontyphoid_salmonella,2,nontyphoid,salmonella
1197,north_america,3,north,america
1198,north_american,2,north,american
1199,northern_itali,1,northern,itali
1200,nosocomi_infect,6,nosocomi,infect
1201,nosocomi_outbreak,3,nosocomi,outbreak
1202,nosocomi_pathogen,3,nosocomi,pathogen
1203,nucleic_acid,3,nucleic,acid
1204,nucleocapsid_protein,1,nucleocapsid,protein
1205,nucleosid_revers,1,nucleosid,revers
1206,nucleotid_ident,2,nucleotid,ident
1207,nucleotid_polymorph,14,nucleotid,polymorph
1208,nucleotid_sequenc,16,nucleotid,sequenc
1209,nucleotid_substitut,1,nucleotid,substitut
1210,obes_epidem,1,obes,epidem
1211,oblig_intracellular,1,oblig,intracellular
1212,occasion_pandem,1,occasion,pandem
1213,occult_hbv,2,occult,hbv
1214,occult_hepat,3,occult,hepat
1215,odd_ratio,7,odd,ratio
1216,oncogen_hpv,1,oncogen,hpv
1217,ongo_transmiss,1,ongo,transmiss
1218,opportunist_pathogen,1,opportunist,pathogen
1219,origin_influenza,1,origin,influenza
1220,oseltamivir_resist,1,oseltamivir,resist
1221,outbreak_caus,1,outbreak,caus
1222,outbreak_detect,1,outbreak,detect
1223,outbreak_investig,8,outbreak,investig
1224,outbreak_isol,5,outbreak,isol
1225,outbreak_occur,1,outbreak,occur
1226,outbreak_relat,1,outbreak,relat
1227,outbreak_strain,9,outbreak,strain
1228,outer_membran,6,outer,membran
1229,palindrom_repeat,1,palindrom,repeat
1230,pan_genom,2,pan,genom
1231,pandem_caus,1,pandem,caus
1232,pandem_clone,1,pandem,clone
1233,pandem_influenza,1,pandem,influenza
1234,pandem_island,1,pandem,island
1235,pandem_outbreak,1,pandem,outbreak
1236,pandem_potenti,1,pandem,potenti
1237,pandem_prepared,1,pandem,prepared
1238,pandem_strain,3,pandem,strain
1239,pandem_threat,1,pandem,threat
1240,pandem_vibrio,1,pandem,vibrio
1241,pandem_viru,1,pandem,viru
1242,pandem_virus,1,pandem,virus
1243,panton_valentin,1,panton,valentin
1244,papilloma_viru,1,papilloma,viru
1245,papillomaviru_dna,1,papillomaviru,dna
1246,papillomaviru_hpv,1,papillomaviru,hpv
1247,papillomaviru_infect,1,papillomaviru,infect
1248,papillomaviru_type,1,papillomaviru,type
1249,papillomavirus_hpv,1,papillomavirus,hpv
1250,paraffin_embed,1,paraffin,embed
1251,parahaemolyticu_isol,1,parahaemolyticu,isol
1252,parahaemolyticu_strain,1,parahaemolyticu,strain
1253,partial_genom,1,partial,genom
1254,partial_pol,1,partial,pol
1255,partial_sequenc,1,partial,sequenc
1256,past_decad,1,past,decad
1257,pathogen_avian,1,pathogen,avian
1258,pathogen_escherichia,1,pathogen,escherichia
1259,pathogen_index,1,pathogen,index
1260,pathogen_influenza,1,pathogen,influenza
1261,pathogen_island,5,pathogen,island
1262,pathogen_potenti,2,pathogen,potenti
1263,pathogen_salmonella,1,pathogen,salmonella
1264,pathogen_strain,1,pathogen,strain
1265,pathogen_vibrio,1,pathogen,vibrio
1266,patient_infect,4,patient,infect
1267,patient_isol,3,patient,isol
1268,pcr_amplif,3,pcr,amplif
1269,pcr_amplifi,1,pcr,amplifi
1270,pcr_assai,7,pcr,assai
1271,pcr_base,5,pcr,base
1272,pcr_method,1,pcr,method
1273,pcr_product,5,pcr,product
1274,pcr_rflp,1,pcr,rflp
1275,pcr_ribotyp,1,pcr,ribotyp
1276,pegyl_interferon,1,pegyl,interferon
1277,peripher_blood,1,peripher,blood
1278,pesti_isol,1,pesti,isol
1279,pesti_strain,1,pesti,strain
1280,pfge_pattern,6,pfge,pattern
1281,pfge_type,3,pfge,type
1282,phage_genom,2,phage,genom
1283,phage_type,4,phage,type
1284,phylogenet_analys,10,phylogenet,analys
1285,phylogenet_analysi,27,phylogenet,analysi
1286,phylogenet_cluster,1,phylogenet,cluster
1287,phylogenet_relationship,2,phylogenet,relationship
1288,phylogenet_tree,9,phylogenet,tree
1289,plasma_hiv,1,plasma,hiv
1290,plasma_sampl,1,plasma,sampl
1291,plasma_viral,1,plasma,viral
1292,plasmid_analysi,2,plasmid,analysi
1293,plasmid_carri,3,plasmid,carri
1294,plasmid_encod,2,plasmid,encod
1295,plasmid_mediat,2,plasmid,mediat
1296,plasmid_profil,1,plasmid,profil
1297,pneumonia_carbapenemas,1,pneumonia,carbapenemas
1298,pneumonia_clinic,2,pneumonia,clinic
1299,pneumonia_clone,2,pneumonia,clone
1300,pneumonia_infect,1,pneumonia,infect
1301,pneumonia_isol,2,pneumonia,isol
1302,pneumonia_strain,2,pneumonia,strain
1303,pneumophila_serogroup,1,pneumophila,serogroup
1304,pol_gene,1,pol,gene
1305,pol_region,1,pol,region
1306,pol_sequenc,1,pol,sequenc
1307,polyacrylamid_gel,1,polyacrylamid,gel
1308,polymeras_activ,1,polymeras,activ
1309,polymeras_chain,24,polymeras,chain
1310,polymeras_complex,1,polymeras,complex
1311,polymeras_gene,1,polymeras,gene
1312,polymorph_analysi,4,polymorph,analysi
1313,polymorph_dna,1,polymorph,dna
1314,polymorph_rflp,2,polymorph,rflp
1315,polymorph_snp,13,polymorph,snp
1316,poorli_understood,1,poorli,understood
1317,popul_base,2,popul,base
1318,popul_genet,4,popul,genet
1319,popul_structur,11,popul,structur
1320,posit_individu,1,posit,individu
1321,posit_isol,4,posit,isol
1322,posit_mrsa,1,posit,mrsa
1323,posit_patient,3,posit,patient
1324,posit_pcr,1,posit,pcr
1325,posit_sampl,6,posit,sampl
1326,posit_select,2,posit,select
1327,posit_sens,1,posit,sens
1328,posit_strain,6,posit,strain
1329,posit_tumor,1,posit,tumor
1330,potenti_pathogen,1,potenti,pathogen
1331,poultri_industri,1,poultri,industri
1332,poultri_market,1,poultri,market
1333,power_tool,1,power,tool
1334,pre_core,1,pre,core
1335,precor_core,1,precor,core
1336,precor_mutant,1,precor,mutant
1337,precor_mutat,1,precor,mutat
1338,precor_region,1,precor,region
1339,precor_stop,1,precor,stop
1340,predomin_clone,1,predomin,clone
1341,predomin_spoligotyp,1,predomin,spoligotyp
1342,predomin_subtyp,1,predomin,subtyp
1343,pregnant_women,1,pregnant,women
1344,preval_genotyp,1,preval,genotyp
1345,preval_hiv,1,preval,hiv
1346,previou_studi,7,previou,studi
1347,previous_report,7,previous,report
1348,primari_hiv,1,primari,hiv
1349,primari_isol,1,primari,isol
1350,princip_find,2,princip,find
1351,princip_genet,1,princip,genet
1352,probe_assai,1,probe,assai
1353,produc_acinetobact,1,produc,acinetobact
1354,produc_ctx,2,produc,ctx
1355,produc_enterobacteriacea,2,produc,enterobacteriacea
1356,produc_escherichia,2,produc,escherichia
1357,produc_isol,3,produc,isol
1358,produc_klebsiella,2,produc,klebsiella
1359,produc_strain,3,produc,strain
1360,promot_bcp,1,promot,bcp
1361,promot_mutat,1,promot,mutat
1362,promot_precor,1,promot,precor
1363,promot_region,3,promot,region
1364,proport_method,1,proport,method
1365,proteas_gene,1,proteas,gene
1366,proteas_inhibitor,1,proteas,inhibitor
1367,proteas_revers,1,proteas,revers
1368,protect_immun,1,protect,immun
1369,protect_vaccin,1,protect,vaccin
1370,protein_code,1,protein,code
1371,protein_gene,1,protein,gene
1372,protein_kinas,1,protein,kinas
1373,protein_sequenc,1,protein,sequenc
1374,proteu_mirabili,2,proteu,mirabili
1375,provid_insight,2,provid,insight
1376,provinc_china,1,provinc,china
1377,provir_dna,1,provir,dna
1378,pseudomona_aeruginosa,3,pseudomona,aeruginosa
1379,public_health,29,public,health
1380,pulmonari_tuberculosi,2,pulmonari,tuberculosi
1381,puls_field,14,puls,field
1382,pure_subtyp,1,pure,subtyp
1383,purifi_select,1,purifi,select
1384,put_virul,1,put,virul
1385,pvl_gene,1,pvl,gene
1386,pvl_neg,1,pvl,neg
1387,pvl_posit,1,pvl,posit
1388,pylori_infect,1,pylori,infect
1389,pylori_strain,1,pylori,strain
1390,qnr_gene,2,qnr,gene
1391,quinolon_resist,3,quinolon,resist
1392,quinupristin_dalfopristin,1,quinupristin,dalfopristin
1393,quorum_sens,1,quorum,sens
1394,rapid_detect,1,rapid,detect
1395,reaction_pcr,12,reaction,pcr
1396,read_frame,13,read,frame
1397,real_time,17,real,time
1398,reassort_event,2,reassort,event
1399,reassort_influenza,1,reassort,influenza
1400,reassort_strain,1,reassort,strain
1401,reassort_viru,1,reassort,viru
1402,reassort_virus,1,reassort,virus
1403,recent_common,2,recent,common
1404,recent_develop,1,recent,develop
1405,recent_emerg,2,recent,emerg
1406,recent_hiv,1,recent,hiv
1407,recent_infect,1,recent,infect
1408,recent_outbreak,4,recent,outbreak
1409,recent_studi,3,recent,studi
1410,recent_transmiss,2,recent,transmiss
1411,receptor_bind,3,receptor,bind
1412,recombin_breakpoint,1,recombin,breakpoint
1413,recombin_event,5,recombin,event
1414,recombin_form,1,recombin,form
1415,recombin_hiv,1,recombin,hiv
1416,recombin_strain,1,recombin,strain
1417,recombin_structur,1,recombin,structur
1418,recombin_subtyp,1,recombin,subtyp
1419,recombin_virus,1,recombin,virus
1420,reduc_suscept,2,reduc,suscept
1421,refer_genom,1,refer,genom
1422,refer_sequenc,1,refer,sequenc
1423,refer_strain,6,refer,strain
1424,region_lcr,1,region,lcr
1425,regul_agr,1,regul,agr
1426,regularli_interspac,1,regularli,interspac
1427,rel_abund,1,rel,abund
1428,relat_isol,4,relat,isol
1429,relat_strain,4,relat,strain
1430,rep_pcr,2,rep,pcr
1431,repeat_analysi,8,repeat,analysi
1432,repeat_loci,1,repeat,loci
1433,repeat_ltr,1,repeat,ltr
1434,repeat_miru,1,repeat,miru
1435,repeat_type,1,repeat,type
1436,repeat_vntr,6,repeat,vntr
1437,repetit_intergen,1,repetit,intergen
1438,repetit_unit,2,repetit,unit
1439,replic_effici,1,replic,effici
1440,replicon_type,2,replicon,type
1441,report_gene,1,report,gene
1442,resist_acinetobact,1,resist,acinetobact
1443,resist_determin,7,resist,determin
1444,resist_enterobacteriacea,2,resist,enterobacteriacea
1445,resist_enterococci,1,resist,enterococci
1446,resist_enterococcu,1,resist,enterococcu
1447,resist_escherichia,1,resist,escherichia
1448,resist_gene,10,resist,gene
1449,resist_hiv,1,resist,hiv
1450,resist_island,1,resist,island
1451,resist_isol,8,resist,isol
1452,resist_klebsiella,2,resist,klebsiella
1453,resist_mdr,8,resist,mdr
1454,resist_mechan,4,resist,mechan
1455,resist_mrsa,1,resist,mrsa
1456,resist_mutat,3,resist,mutat
1457,resist_mycobacterium,1,resist,mycobacterium
1458,resist_pattern,4,resist,pattern
1459,resist_phenotyp,5,resist,phenotyp
1460,resist_plasmid,2,resist,plasmid
1461,resist_profil,8,resist,profil
1462,resist_pseudomona,1,resist,pseudomona
1463,resist_rate,2,resist,rate
1464,resist_salmonella,2,resist,salmonella
1465,resist_staphylococcu,1,resist,staphylococcu
1466,resist_strain,10,resist,strain
1467,resist_tuberculosi,2,resist,tuberculosi
1468,resist_xdr,1,resist,xdr
1469,respiratori_diseas,3,respiratori,diseas
1470,respiratori_ill,1,respiratori,ill
1471,respiratori_infect,2,respiratori,infect
1472,respiratori_syndrom,2,respiratori,syndrom
1473,respiratori_tract,4,respiratori,tract
1474,respons_rate,1,respons,rate
1475,respons_svr,1,respons,svr
1476,restrict_enzym,1,restrict,enzym
1477,restrict_fragment,6,restrict,fragment
1478,result_demonstr,1,result,demonstr
1479,result_hbv,1,result,hbv
1480,result_obtain,1,result,obtain
1481,result_reveal,1,result,reveal
1482,result_suggest,18,result,suggest
1483,revers_genet,2,revers,genet
1484,revers_transcript,11,revers,transcript
1485,revers_transcriptas,4,revers,transcriptas
1486,rflp_analysi,1,rflp,analysi
1487,rflp_pattern,1,rflp,pattern
1488,rflp_type,1,rflp,type
1489,ribosom_rna,1,ribosom,rna
1490,rifampicin_resist,1,rifampicin,resist
1491,risk_factor,11,risk,factor
1492,risk_hpv,1,risk,hpv
1493,risk_human,1,risk,human
1494,risk_popul,1,risk,popul
1495,risk_type,1,risk,type
1496,rna_depend,1,rna,depend
1497,rna_genom,5,rna,genom
1498,rna_hybrid,1,rna,hybrid
1499,rna_level,2,rna,level
1500,rna_polymeras,2,rna,polymeras
1501,rna_posit,2,rna,posit
1502,rna_replic,1,rna,replic
1503,rna_rna,1,rna,rna
1504,rna_segment,1,rna,segment
1505,rna_synthesi,1,rna,synthesi
1506,rna_viru,2,rna,viru
1507,rna_virus,4,rna,virus
1508,rotaviru_gene,1,rotaviru,gene
1509,rotaviru_genotyp,1,rotaviru,genotyp
1510,rotaviru_infect,1,rotaviru,infect
1511,rotaviru_strain,1,rotaviru,strain
1512,rotaviru_vaccin,1,rotaviru,vaccin
1513,rpob_gene,1,rpob,gene
1514,rrna_gene,4,rrna,gene
1515,rrna_methylas,2,rrna,methylas
1516,russian_feder,1,russian,feder
1517,saharan_africa,4,saharan,africa
1518,salmonella_enterica,3,salmonella,enterica
1519,salmonella_enteritidi,2,salmonella,enteritidi
1520,salmonella_genom,3,salmonella,genom
1521,salmonella_infect,2,salmonella,infect
1522,salmonella_isol,2,salmonella,isol
1523,salmonella_nt,2,salmonella,nt
1524,salmonella_pathogen,1,salmonella,pathogen
1525,salmonella_serotyp,1,salmonella,serotyp
1526,salmonella_serovar,1,salmonella,serovar
1527,salmonella_spp,1,salmonella,spp
1528,salmonella_strain,2,salmonella,strain
1529,salmonella_typhi,1,salmonella,typhi
1530,salmonella_typhimurium,2,salmonella,typhimurium
1531,sampl_collect,3,sampl,collect
1532,sanger_sequenc,1,sanger,sequenc
1533,so_paulo,1,so,paulo
1534,sar_coronaviru,1,sar,coronaviru
1535,sar_cov,2,sar,cov
1536,sar_epidem,1,sar,epidem
1537,sar_outbreak,1,sar,outbreak
1538,sar_patient,1,sar,patient
1539,saudi_arabia,2,saudi,arabia
1540,scc_mec,1,scc,mec
1541,sccmec_element,1,sccmec,element
1542,sccmec_type,1,sccmec,type
1543,season_epidem,1,season,epidem
1544,season_influenza,1,season,influenza
1545,secret_system,6,secret,system
1546,segment_genom,1,segment,genom
1547,segment_reassort,1,segment,reassort
1548,select_pressur,7,select,pressur
1549,sens_rna,1,sens,rna
1550,sensit_staphylococcu,1,sensit,staphylococcu
1551,sequenc_analys,1,sequenc,analys
1552,sequenc_analysi,23,sequenc,analysi
1553,sequenc_base,6,sequenc,base
1554,sequenc_cluster,1,sequenc,cluster
1555,sequenc_data,10,sequenc,data
1556,sequenc_deriv,1,sequenc,deriv
1557,sequenc_divers,1,sequenc,divers
1558,sequenc_genom,1,sequenc,genom
1559,sequenc_ident,2,sequenc,ident
1560,sequenc_obtain,1,sequenc,obtain
1561,sequenc_phylogenet,1,sequenc,phylogenet
1562,sequenc_polymorph,1,sequenc,polymorph
1563,sequenc_reveal,4,sequenc,reveal
1564,sequenc_specif,1,sequenc,specif
1565,sequenc_technologi,1,sequenc,technologi
1566,sequenc_type,17,sequenc,type
1567,sequenc_variat,1,sequenc,variat
1568,sequenc_wg,11,sequenc,wg
1569,serial_passag,1,serial,passag
1570,serolog_marker,2,serolog,marker
1571,seroposit_individu,1,seroposit,individu
1572,serotyp_ogawa,1,serotyp,ogawa
1573,serotyp_typhimurium,2,serotyp,typhimurium
1574,serovar_enteritidi,1,serovar,enteritidi
1575,serovar_typhi,1,serovar,typhi
1576,serovar_typhimurium,3,serovar,typhimurium
1577,serum_hbv,1,serum,hbv
1578,serum_sampl,8,serum,sampl
1579,seventh_cholera,1,seventh,cholera
1580,seventh_pandem,1,seventh,pandem
1581,sever_acut,2,sever,acut
1582,sever_dengu,1,sever,dengu
1583,sever_diarrhea,1,sever,diarrhea
1584,sever_diseas,2,sever,diseas
1585,sever_infect,1,sever,infect
1586,sever_influenza,1,sever,influenza
1587,sex_worker,1,sex,worker
1588,sexual_transmiss,1,sexual,transmiss
1589,sexual_transmit,1,sexual,transmit
1590,share_type,1,share,type
1591,shift_assai,1,shift,assai
1592,shiga_toxigen,1,shiga,toxigen
1593,shiga_toxin,1,shiga,toxin
1594,shock_syndrom,1,shock,syndrom
1595,short_palindrom,1,short,palindrom
1596,shv_type,2,shv,type
1597,sialic_acid,1,sialic,acid
1598,sierra_leon,1,sierra,leon
1599,signific_associ,3,signific,associ
1600,signific_differ,7,signific,differ
1601,significantli_increas,2,significantli,increas
1602,significantli_lower,1,significantli,lower
1603,simian_immunodefici,1,simian,immunodefici
1604,simplex_viru,1,simplex,viru
1605,singl_genom,1,singl,genom
1606,singl_genotyp,1,singl,genotyp
1607,singl_locu,1,singl,locu
1608,singl_nucleotid,19,singl,nucleotid
1609,singl_strand,5,singl,strand
1610,situ_hybrid,1,situ,hybrid
1611,skin_infect,1,skin,infect
1612,smear_posit,1,smear,posit
1613,snp_analysi,1,snp,analysi
1614,soft_tissu,1,soft,tissu
1615,south_africa,2,south,africa
1616,south_african,1,south,african
1617,south_america,3,south,america
1618,south_american,1,south,american
1619,south_korea,1,south,korea
1620,southeast_asia,4,southeast,asia
1621,southern_blot,1,southern,blot
1622,southern_china,1,southern,china
1623,spa_type,1,spa,type
1624,spanish_influenza,1,spanish,influenza
1625,speci_barrier,1,speci,barrier
1626,speci_specif,2,speci,specif
1627,speci_transmiss,2,speci,transmiss
1628,specif_gene,1,specif,gene
1629,specif_mutat,1,specif,mutat
1630,specif_pathogen,1,specif,pathogen
1631,specif_pcr,1,specif,pcr
1632,specif_sequenc,1,specif,sequenc
1633,spectrum_beta,3,spectrum,beta
1634,spectrum_cephalosporin,2,spectrum,cephalosporin
1635,spike_protein,2,spike,protein
1636,spoligotyp_base,1,spoligotyp,base
1637,spoligotyp_databas,1,spoligotyp,databas
1638,spoligotyp_pattern,1,spoligotyp,pattern
1639,spoligotyp_result,1,spoligotyp,result
1640,spontan_clearanc,1,spontan,clearanc
1641,sputum_sampl,1,sputum,sampl
1642,squamou_cell,1,squamou,cell
1643,squamou_intraepitheli,1,squamou,intraepitheli
1644,staphylococc_cassett,1,staphylococc,cassett
1645,staphylococc_chromosom,1,staphylococc,chromosom
1646,staphylococc_enterotoxin,1,staphylococc,enterotoxin
1647,staphylococc_protein,1,staphylococc,protein
1648,staphylococcu_aureu,2,staphylococcu,aureu
1649,staphylococcu_epidermidi,1,staphylococcu,epidermidi
1650,staphylococcu_staphylococcu,1,staphylococcu,staphylococcu
1651,start_site,1,start,site
1652,statist_signific,6,statist,signific
1653,stec_infect,1,stec,infect
1654,stec_isol,1,stec,isol
1655,stec_serotyp,1,stec,serotyp
1656,stec_strain,1,stec,strain
1657,stool_sampl,2,stool,sampl
1658,stool_specimen,1,stool,specimen
1659,stop_codon,1,stop,codon
1660,strain_belong,9,strain,belong
1661,strain_carri,7,strain,carri
1662,strain_caus,1,strain,caus
1663,strain_circul,5,strain,circul
1664,strain_cluster,2,strain,cluster
1665,strain_collect,2,strain,collect
1666,strain_contain,1,strain,contain
1667,strain_detect,1,strain,detect
1668,strain_divers,1,strain,divers
1669,strain_famili,1,strain,famili
1670,strain_harbor,1,strain,harbor
1671,strain_includ,2,strain,includ
1672,strain_isol,21,strain,isol
1673,strain_lineag,1,strain,lineag
1674,strain_possess,1,strain,possess
1675,strain_reveal,1,strain,reveal
1676,strain_specif,3,strain,specif
1677,strain_test,1,strain,test
1678,strain_type,3,strain,type
1679,strand_rna,3,strand,rna
1680,streptococcu_pyogen,1,streptococcu,pyogen
1681,strong_associ,1,strong,associ
1682,structur_protein,3,structur,protein
1683,studi_aim,3,studi,aim
1684,studi_demonstr,3,studi,demonstr
1685,studi_design,3,studi,design
1686,studi_gwa,1,studi,gwa
1687,studi_hiv,1,studi,hiv
1688,studi_period,1,studi,period
1689,studi_reveal,2,studi,reveal
1690,studi_suggest,2,studi,suggest
1691,stx_gene,1,stx,gene
1692,stx_produc,1,stx,produc
1693,subsp_enterica,3,subsp,enterica
1694,subspeci_enterica,1,subspeci,enterica
1695,subtyp_avian,1,subtyp,avian
1696,subtyp_circul,1,subtyp,circul
1697,subtyp_distribut,1,subtyp,distribut
1698,subtyp_influenza,1,subtyp,influenza
1699,subtyp_method,3,subtyp,method
1700,subtyp_specif,1,subtyp,specif
1701,subtyp_virus,1,subtyp,virus
1702,surfac_antigen,3,surfac,antigen
1703,surfac_gene,1,surfac,gene
1704,surfac_glycoprotein,1,surfac,glycoprotein
1705,surfac_protein,1,surfac,protein
1706,surveil_effort,1,surveil,effort
1707,suscept_profil,2,suscept,profil
1708,suscept_staphylococcu,1,suscept,staphylococcu
1709,suscept_strain,1,suscept,strain
1710,suscept_test,9,suscept,test
1711,sustain_virolog,1,sustain,virolog
1712,swine_farm,1,swine,farm
1713,swine_herd,2,swine,herd
1714,swine_influenza,1,swine,influenza
1715,swine_origin,1,swine,origin
1716,swine_popul,1,swine,popul
1717,swine_virus,1,swine,virus
1718,sxt_element,1,sxt,element
1719,syndrom_coronaviru,2,syndrom,coronaviru
1720,syndrom_hu,1,syndrom,hu
1721,syndrom_mer,2,syndrom,mer
1722,syndrom_sar,2,syndrom,sar
1723,syndrom_toxin,1,syndrom,toxin
1724,synergi_test,2,synergi,test
1725,tandem_repeat,12,tandem,repeat
1726,termin_repeat,1,termin,repeat
1727,tertiari_care,4,tertiari,care
1728,test_dst,1,test,dst
1729,test_posit,1,test,posit
1730,tetracyclin_resist,2,tetracyclin,resist
1731,therapeut_target,1,therapeut,target
1732,therapi_art,1,therapi,art
1733,thermost_direct,1,thermost,direct
1734,throughput_sequenc,1,throughput,sequenc
1735,time_pcr,6,time,pcr
1736,tissu_infect,1,tissu,infect
1737,tor_biotyp,1,tor,biotyp
1738,tor_isol,1,tor,isol
1739,tor_strain,1,tor,strain
1740,tor_variant,1,tor,variant
1741,toxic_shock,1,toxic,shock
1742,toxigen_strain,1,toxigen,strain
1743,toxigen_vibrio,1,toxigen,vibrio
1744,toxin_coregul,1,toxin,coregul
1745,toxin_gene,3,toxin,gene
1746,toxin_produc,1,toxin,produc
1747,toxin_stx,1,toxin,stx
1748,tract_infect,3,tract,infect
1749,transcript_factor,2,transcript,factor
1750,transcript_polymeras,4,transcript,polymeras
1751,transcript_regul,1,transcript,regul
1752,transcript_respons,1,transcript,respons
1753,transcript_start,1,transcript,start
1754,transcriptas_inhibitor,1,transcriptas,inhibitor
1755,transcriptom_analysi,1,transcriptom,analysi
1756,transfer_plasmid,2,transfer,plasmid
1757,transmiss_chain,1,transmiss,chain
1758,transmiss_cluster,1,transmiss,cluster
1759,transmiss_dynam,2,transmiss,dynam
1760,transmiss_event,2,transmiss,event
1761,transmiss_network,1,transmiss,network
1762,transmit_drug,1,transmit,drug
1763,treatment_failur,1,treatment,failur
1764,treatment_naiv,1,treatment,naiv
1765,treatment_outcom,1,treatment,outcom
1766,treatment_respons,1,treatment,respons
1767,tripl_reassort,1,tripl,reassort
1768,tst_gene,1,tst,gene
1769,ttv_infect,1,ttv,infect
1770,tubercl_bacilli,1,tubercl,bacilli
1771,tuberculosi_beij,2,tuberculosi,beij
1772,tuberculosi_clinic,1,tuberculosi,clinic
1773,tuberculosi_cluster,1,tuberculosi,cluster
1774,tuberculosi_complex,1,tuberculosi,complex
1775,tuberculosi_control,1,tuberculosi,control
1776,tuberculosi_drug,1,tuberculosi,drug
1777,tuberculosi_epidem,1,tuberculosi,epidem
1778,tuberculosi_epidemiologi,1,tuberculosi,epidemiologi
1779,tuberculosi_genet,1,tuberculosi,genet
1780,tuberculosi_genom,1,tuberculosi,genom
1781,tuberculosi_genotyp,2,tuberculosi,genotyp
1782,tuberculosi_incid,1,tuberculosi,incid
1783,tuberculosi_infect,2,tuberculosi,infect
1784,tuberculosi_isol,2,tuberculosi,isol
1785,tuberculosi_lineag,1,tuberculosi,lineag
1786,tuberculosi_mdr,1,tuberculosi,mdr
1787,tuberculosi_mtb,1,tuberculosi,mtb
1788,tuberculosi_outbreak,1,tuberculosi,outbreak
1789,tuberculosi_patient,1,tuberculosi,patient
1790,tuberculosi_popul,1,tuberculosi,popul
1791,tuberculosi_remain,1,tuberculosi,remain
1792,tuberculosi_strain,2,tuberculosi,strain
1793,tuberculosi_surveil,1,tuberculosi,surveil
1794,tuberculosi_transmiss,1,tuberculosi,transmiss
1795,tuberculosi_treatment,1,tuberculosi,treatment
1796,tuberculosi_tuberculosi,1,tuberculosi,tuberculosi
1797,type_base,1,type,base
1798,type_esbl,2,type,esbl
1799,type_iii,3,type,iii
1800,type_method,8,type,method
1801,type_mlst,12,type,mlst
1802,type_plasmid,2,type,plasmid
1803,type_result,1,type,result
1804,type_scheme,3,type,scheme
1805,type_specif,1,type,specif
1806,type_spoligotyp,1,type,spoligotyp
1807,type_st,6,type,st
1808,type_tool,1,type,tool
1809,typhi_isol,1,typhi,isol
1810,typhimurium_infect,2,typhimurium,infect
1811,typhimurium_isol,3,typhimurium,isol
1812,typhimurium_phage,3,typhimurium,phage
1813,typhimurium_strain,3,typhimurium,strain
1814,typhoid_fever,1,typhoid,fever
1815,typhoid_salmonella,2,typhoid,salmonella
1816,ulcer_coliti,1,ulcer,coliti
1817,uniqu_pattern,1,uniqu,pattern
1818,uniqu_recombin,1,uniqu,recombin
1819,uniqu_strain,1,uniqu,strain
1820,unit_kingdom,2,unit,kingdom
1821,unit_miru,1,unit,miru
1822,unit_type,1,unit,type
1823,unit_variabl,2,unit,variabl
1824,univers_hospit,6,univers,hospit
1825,unrel_isol,1,unrel,isol
1826,untransl_region,4,untransl,region
1827,upper_respiratori,1,upper,respiratori
1828,uraem_syndrom,1,uraem,syndrom
1829,urem_syndrom,1,urem,syndrom
1830,urinari_tract,3,urinari,tract
1831,uropathogen_escherichia,1,uropathogen,escherichia
1832,user_idu,2,user,idu
1833,vaccin_candid,2,vaccin,candid
1834,vaccin_design,1,vaccin,design
1835,vaccin_develop,3,vaccin,develop
1836,vaccin_escap,1,vaccin,escap
1837,vaccin_strain,1,vaccin,strain
1838,vaccin_vector,1,vaccin,vector
1839,vaccin_viru,1,vaccin,viru
1840,valentin_leucocidin,1,valentin,leucocidin
1841,valentin_leukocidin,1,valentin,leukocidin
1842,vana_gene,1,vana,gene
1843,vancomycin_resist,2,vancomycin,resist
1844,vancomycin_suscept,1,vancomycin,suscept
1845,variabl_region,1,variabl,region
1846,variant_circul,1,variant,circul
1847,varicella_zoster,1,varicella,zoster
1848,vast_major,1,vast,major
1849,vibrio_cholera,2,vibrio,cholera
1850,vibrio_parahaemolyticu,2,vibrio,parahaemolyticu
1851,vibrio_pathogen,1,vibrio,pathogen
1852,vibrio_seventh,1,vibrio,seventh
1853,vibrio_vibrio,1,vibrio,vibrio
1854,viral_clearanc,1,viral,clearanc
1855,viral_diseas,1,viral,diseas
1856,viral_divers,2,viral,divers
1857,viral_dna,1,viral,dna
1858,viral_evolut,1,viral,evolut
1859,viral_factor,1,viral,factor
1860,viral_gene,3,viral,gene
1861,viral_genom,16,viral,genom
1862,viral_genotyp,2,viral,genotyp
1863,viral_hepat,5,viral,hepat
1864,viral_infect,7,viral,infect
1865,viral_integr,1,viral,integr
1866,viral_isol,1,viral,isol
1867,viral_load,6,viral,load
1868,viral_metagenom,1,viral,metagenom
1869,viral_pathogen,1,viral,pathogen
1870,viral_polymeras,1,viral,polymeras
1871,viral_popul,2,viral,popul
1872,viral_protein,3,viral,protein
1873,viral_replic,5,viral,replic
1874,viral_rna,8,viral,rna
1875,viral_sequenc,4,viral,sequenc
1876,viral_strain,2,viral,strain
1877,viral_subtyp,1,viral,subtyp
1878,viral_variant,1,viral,variant
1879,virolog_respons,1,virolog,respons
1880,viru_aiv,1,viru,aiv
1881,viru_caus,1,viru,caus
1882,viru_challeng,1,viru,challeng
1883,viru_circul,2,viru,circul
1884,viru_denv,1,viru,denv
1885,viru_diseas,1,viru,diseas
1886,viru_ebov,1,viru,ebov
1887,viru_evolut,1,viru,evolut
1888,viru_gene,1,viru,gene
1889,viru_genom,6,viru,genom
1890,viru_genotyp,4,viru,genotyp
1891,viru_hav,2,viru,hav
1892,viru_hbv,3,viru,hbv
1893,viru_hcv,4,viru,hcv
1894,viru_hemagglutinin,1,viru,hemagglutinin
1895,viru_hev,2,viru,hev
1896,viru_hiv,3,viru,hiv
1897,viru_host,1,viru,host
1898,viru_hpv,1,viru,hpv
1899,viru_iav,1,viru,iav
1900,viru_induc,1,viru,induc
1901,viru_infect,11,viru,infect
1902,viru_influenza,1,viru,influenza
1903,viru_isol,9,viru,isol
1904,viru_lineag,2,viru,lineag
1905,viru_origin,1,viru,origin
1906,viru_outbreak,2,viru,outbreak
1907,viru_popul,1,viru,popul
1908,viru_reassort,1,viru,reassort
1909,viru_replic,2,viru,replic
1910,viru_serotyp,1,viru,serotyp
1911,viru_specif,1,viru,specif
1912,viru_strain,5,viru,strain
1913,viru_subtyp,1,viru,subtyp
1914,viru_surveil,1,viru,surveil
1915,viru_transmiss,2,viru,transmiss
1916,viru_ttv,2,viru,ttv
1917,viru_type,3,viru,type
1918,viru_vaccin,1,viru,vaccin
1919,viru_wnv,1,viru,wnv
1920,viru_zikv,1,viru,zikv
1921,virul_determin,2,virul,determin
1922,virul_factor,11,virul,factor
1923,virul_gene,10,virul,gene
1924,virul_marker,1,virul,marker
1925,virul_plasmid,3,virul,plasmid
1926,virul_profil,1,virul,profil
1927,virul_strain,2,virul,strain
1928,virus_aiv,1,virus,aiv
1929,virus_belong,1,virus,belong
1930,virus_caus,1,virus,caus
1931,virus_circul,1,virus,circul
1932,virus_collect,1,virus,collect
1933,virus_iav,1,virus,iav
1934,virus_includ,1,virus,includ
1935,virus_influenza,1,virus,influenza
1936,virus_isol,2,virus,isol
1937,virus_possess,1,virus,possess
1938,virus_replic,1,virus,replic
1939,virus_reveal,1,virus,reveal
1940,virus_suggest,1,virus,suggest
1941,vntr_analysi,4,vntr,analysi
1942,vntr_genotyp,1,vntr,genotyp
1943,vntr_loci,3,vntr,loci
1944,vntr_method,1,vntr,method
1945,vntr_pattern,1,vntr,pattern
1946,vntr_profil,1,vntr,profil
1947,vntr_type,2,vntr,type
1948,vre_isol,1,vre,isol
1949,water_suppli,1,water,suppli
1950,weight_gain,1,weight,gain
1951,west_africa,2,west,africa
1952,west_african,1,west,african
1953,west_central,1,west,central
1954,west_nile,1,west,nile
1955,western_blot,1,western,blot
1956,wg_data,1,wg,data
1957,wide_associ,3,wide,associ
1958,wide_rang,1,wide,rang
1959,wild_aquat,1,wild,aquat
1960,wild_bird,2,wild,bird
1961,wild_boar,1,wild,boar
1962,wild_type,10,wild,type
1963,wnv_genom,1,wnv,genom
1964,wnv_strain,1,wnv,strain
1965,world_health,1,world,health
1966,worldwid_epidem,1,worldwid,epidem
1967,xdr_strain,1,xdr,strain
1968,yamagata_lineag,1,yamagata,lineag
1969,yellow_fever,1,yellow,fever
1970,yersinia_pesti,2,yersinia,pesti
1971,yersinia_pseudotuberculosi,1,yersinia,pseudotuberculosi
1972,yunnan_provinc,1,yunnan,provinc
1973,zika_viru,1,zika,viru
1974,zoonot_potenti,1,zoonot,potenti
1975,zoster_viru,1,zoster,viru
